"resource","consumer"
"Acanthocyclus albatrossis","Anasterias antarctica"
"Acanthocyclus albatrossis","Patagonotothen cornucola"
"Adenocystis utricularis","Isopoda"
"Adenocystis utricularis","Nacella deaurata"
"Adenocystis utricularis","Nacella magellanica"
"Adenocystis utricularis","Polyplacophora"
"Adenocystis utricularis","Siphonaria lessonii"
"Adenocystis utricularis","Grimothea gregaria"
"Adenocystis utricularis","Patagonotothen tessellata"
"Adenocystis utricularis","Austrolycus depressiceps"
"Adenocystis utricularis","Eleginops maclovinus"
"Aged detritus","Ostracoda"
"Aged detritus","Amphipoda"
"Aged detritus","Exosphaeroma gigas"
"Aged detritus","Halicarcinus planatus"
"Aged detritus","Pagurus comptus"
"Aged detritus","Pareuthria fuscata"
"Aged detritus","Polychaeta"
"Aged detritus","Pseudechinus magellanicus"
"Aged detritus","Cumacea"
"Aged detritus","Grimothea gregaria"
"Aged detritus","Nemertea"
"Aged detritus","Gammaridea"
"Aged detritus","Glyceridae"
"Aged detritus","Terebellidae"
"Aged detritus","Nereididae"
"Aged detritus","Polynoidae"
"Aged detritus","Tanaidacea"
"Aged detritus","Oligochaeta"
"Aged detritus","Cirratulidae"
"Amphipoda","Anasterias antarctica"
"Amphipoda","Nacella magellanica"
"Amphipoda","Pagurus comptus"
"Amphipoda","Pseudechinus magellanicus"
"Amphipoda","Harpagifer bispinis"
"Amphipoda","Grimothea gregaria"
"Amphipoda","Patagonotothen cornucola"
"Amphipoda","Dissostichus eleginoides"
"Amphipoda","Myxine glutinosa"
"Amphipoda","Bathyraja brachyurops"
"Amphipoda","Cottoperca trigloides"
"Amphipoda","Genypterus blacodes"
"Amphipoda","Merluccius hubbsi"
"Amphipoda","Sprattus fuegensis"
"Amphipoda","Bathyraja griseocauda"
"Amphipoda","Bathyraja scaphiops"
"Amphipoda","Careproctus pallidus"
"Amphipoda","Patagonotothen longipes"
"Amphipoda","Patagonotothen sima"
"Amphipoda","Patagonotothen tessellata"
"Amphipoda","Arbacia dufresnii"
"Amphipoda","Bathyraja albomaculata"
"Amphipoda","Paranotothenia magellanica"
"Amphipoda","Patagonotothen brevicauda"
"Amphipoda","Patagonotothen ramsayi"
"Amphipoda","Galaxias maculatus"
"Amphipoda","Dipturus chilensis"
"Amphipoda","Asterina fimbriata"
"Amphipoda","Austrolycus depressiceps"
"Amphipoda","Cosmasterias lurida"
"Amphipoda","Eleginops maclovinus"
"Amphipoda","Lithodes santolla"
"Amphipoda","Odontesthes nigricans"
"Amphipoda","Schroederichthys bivius"
"Anasterias antarctica","Patagonotothen tessellata"
"Anasterias antarctica","Austrolycus depressiceps"
"Anasterias antarctica","Eleginops maclovinus"
"Arbacia dufresnii","Dipturus chilensis"
"Arbacia dufresnii","Cosmasterias lurida"
"Ascidiacea","Anasterias antarctica"
"Ascidiacea","Genypterus blacodes"
"Ascidiacea","Cosmasterias lurida"
"Ascidiacea","Lithodes santolla"
"Aulacomya atra","Anasterias antarctica"
"Aulacomya atra","Eurypodius latreillii"
"Aulacomya atra","Pseudechinus magellanicus"
"Aulacomya atra","Trophon geversianus"
"Aulacomya atra","Peltarion spinulosum"
"Aulacomya atra","Genypterus blacodes"
"Aulacomya atra","Arbacia dufresnii"
"Aulacomya atra","Paralomis granulosa"
"Aulacomya atra","Asterina fimbriata"
"Aulacomya atra","Austrolycus depressiceps"
"Aulacomya atra","Cosmasterias lurida"
"Aulacomya atra","Lithodes santolla"
"Aulacomya atra","Larus scoresbii"
"Austrolycus depressiceps","Lagenorhynchus australis"
"Ballia sp","Nacella deaurata"
"Ballia sp","Nacella magellanica"
"Ballia sp","Grimothea gregaria"
"Bathyraja albomaculata","Dissostichus eleginoides"
"Bathyraja albomaculata","Cottoperca trigloides"
"Bathyraja albomaculata","Genypterus blacodes"
"Bathyraja brachyurops","Cottoperca trigloides"
"Bathyraja brachyurops","Genypterus blacodes"
"Bathyraja scaphiops","Genypterus blacodes"
"Bathyraja scaphiops","Bathyraja griseocauda"
"Bivalvia","Anasterias antarctica"
"Bivalvia","Eurypodius latreillii"
"Bivalvia","Pagurus comptus"
"Bivalvia","Pseudechinus magellanicus"
"Bivalvia","Grimothea gregaria"
"Bivalvia","Myxine glutinosa"
"Bivalvia","Peltarion spinulosum"
"Bivalvia","Genypterus blacodes"
"Bivalvia","Arbacia dufresnii"
"Bivalvia","Paralomis granulosa"
"Bivalvia","Patagonotothen ramsayi"
"Bivalvia","Salilota australis"
"Bivalvia","Eleginops maclovinus"
"Bivalvia","Lithodes santolla"
"Bivalvia","Odontesthes nigricans"
"Bivalvia","Schroederichthys bivius"
"Bivalvia","Pygoscelis papua"
"Bivalvia","Larus dominicanus"
"Blidingia minima","Pseudechinus magellanicus"
"Bostrychia sp","Nacella deaurata"
"Bostrychia sp","Nacella magellanica"
"Bostrychia sp","Pseudechinus magellanicus"
"Bostrychia sp","Grimothea gregaria"
"Bryozoa","Polyplacophora"
"Bryozoa","Pseudechinus magellanicus"
"Bryozoa","Tonicia sp"
"Bryozoa","Grimothea gregaria"
"Bryozoa","Dissostichus eleginoides"
"Bryozoa","Genypterus blacodes"
"Bryozoa","Arbacia dufresnii"
"Bryozoa","Paralomis granulosa"
"Bryozoa","Paranotothenia magellanica"
"Bryozoa","Polynoidae"
"Bryozoa","Glabraster antarctica"
"Bryozoa","Lithodes santolla"
"Calliostoma nudum","Acanthocyclus albatrossis"
"Calliostoma nudum","Anasterias antarctica"
"Calliostoma nudum","Eurypodius latreillii"
"Calliostoma nudum","Peltarion spinulosum"
"Calliostoma nudum","Paralomis granulosa"
"Calliostoma nudum","Lithodes santolla"
"Callophyllis pinnata","Isopoda"
"Callophyllis pinnata","Nacella deaurata"
"Callophyllis pinnata","Polyplacophora"
"Callophyllis pinnata","Siphonaria lessonii"
"Callophyllis pinnata","Grimothea gregaria"
"Callophyllis pinnata","Patagonotothen tessellata"
"Callophyllis pinnata","Eleginops maclovinus"
"Campylonotus vagans","Genypterus blacodes"
"Campylonotus vagans","Patagonotothen ramsayi"
"Campylonotus vagans","Schroederichthys bivius"
"Cephalopoda","Dissostichus eleginoides"
"Cephalopoda","Bathyraja brachyurops"
"Cephalopoda","Cottoperca trigloides"
"Cephalopoda","Genypterus blacodes"
"Cephalopoda","Macruronus magellanicus"
"Cephalopoda","Merluccius hubbsi"
"Cephalopoda","Bathyraja griseocauda"
"Cephalopoda","Bathyraja scaphiops"
"Cephalopoda","Patagonotothen tessellata"
"Cephalopoda","Bathyraja albomaculata"
"Cephalopoda","Paranotothenia magellanica"
"Cephalopoda","Patagonotothen ramsayi"
"Cephalopoda","Salilota australis"
"Cephalopoda","Dipturus chilensis"
"Cephalopoda","Champsocephalus esox"
"Cephalopoda","Schroederichthys bivius"
"Cephalopoda","Cephalorhynchus commersonii"
"Cephalopoda","Phocoena spinipinnis"
"Cephalopoda","Pseudorca crassidens"
"Cephalopoda","Lissodelphis peronii"
"Cephalopoda","Grampus griseus"
"Cephalopoda","Lagenorhynchus cruciger"
"Cephalopoda","Spheniscus magellanicus"
"Cephalopoda","Pygoscelis papua"
"Cephalopoda","Thalassarche melanophris"
"Cephalopoda","Macronectes giganteus"
"Cephalopoda","Larus dominicanus"
"Cephalopoda","Larus scoresbii"
"Cephalopoda","Sterna hirundinacea"
"Cephalopoda","Phalacrocorax atriceps"
"Cephalopoda","Phalacrocorax magellanicus"
"Ceramium diaphanum","Isopoda"
"Ceramium diaphanum","Nacella deaurata"
"Ceramium diaphanum","Polyplacophora"
"Ceramium diaphanum","Pseudechinus magellanicus"
"Ceramium diaphanum","Siphonaria lessonii"
"Ceramium diaphanum","Grimothea gregaria"
"Ceramium diaphanum","Patagonotothen tessellata"
"Ceramium diaphanum","Eleginops maclovinus"
"Ceramium sp","Nacella deaurata"
"Ceramium sp","Nacella magellanica"
"Ceramium sp","Pseudechinus magellanicus"
"Ceramium sp","Grimothea gregaria"
"Ceramium sp","Patagonotothen cornucola"
"Ceramium sp","Larus scoresbii"
"Champsocephalus esox","Schroederichthys bivius"
"Champsocephalus esox","Spheniscus magellanicus"
"Champsocephalus esox","Pygoscelis papua"
"Champsocephalus esox","Macronectes giganteus"
"Champsocephalus esox","Thalassarche melanophris"
"Chthamalus sp","Trophon geversianus"
"Cirratulidae","Patagonotothen tessellata"
"Cirripedia","Harpagifer bispinis"
"Cirripedia","Paralomis granulosa"
"Cirripedia","Schroederichthys bivius"
"Cladophora sp","Fissurella picta"
"Cladophora sp","Halicarcinus planatus"
"Cladophora sp","Laevilitorina caliginosa"
"Cladophora sp","Pseudechinus magellanicus"
"Cladophora sp","Grimothea gregaria"
"Cladophora sp","Eleginops maclovinus"
"Codium sp","Fissurella picta"
"Codium sp","Siphonaria lessonii"
"Codium sp","Tonicia sp"
"Congiopodus peruvianus","Dipturus chilensis"
"Copepoda","Zooplankton"
"Copepoda","Eurypodius latreillii"
"Copepoda","Halicarcinus planatus"
"Copepoda","Pagurus comptus"
"Copepoda","Polychaeta"
"Copepoda","Pseudechinus magellanicus"
"Copepoda","Harpagifer bispinis"
"Copepoda","Grimothea gregaria"
"Copepoda","Patagonotothen cornucola"
"Copepoda","Nemertea"
"Copepoda","Cephalopoda"
"Copepoda","Dissostichus eleginoides"
"Copepoda","Euphausiacea"
"Copepoda","Gammaridea"
"Copepoda","Peltarion spinulosum"
"Copepoda","Genypterus blacodes"
"Copepoda","Macruronus magellanicus"
"Copepoda","Sprattus fuegensis"
"Copepoda","Bathyraja griseocauda"
"Copepoda","Patagonotothen longipes"
"Copepoda","Patagonotothen sima"
"Copepoda","Patagonotothen tessellata"
"Copepoda","Arbacia dufresnii"
"Copepoda","Paralomis granulosa"
"Copepoda","Paranotothenia magellanica"
"Copepoda","Patagonotothen brevicauda"
"Copepoda","Patagonotothen ramsayi"
"Copepoda","Salilota australis"
"Copepoda","Polynoidae"
"Copepoda","Hydrozoa"
"Copepoda","Galaxias maculatus"
"Copepoda","Hyperiidea"
"Copepoda","Stromateus brasiliensis"
"Copepoda","Zygochlamys patagonica"
"Copepoda","Champsocephalus esox"
"Copepoda","Eleginops maclovinus"
"Copepoda","Lithodes santolla"
"Copepoda","Odontesthes nigricans"
"Cottoperca trigloides","Dissostichus eleginoides"
"Cottoperca trigloides","Bathyraja brachyurops"
"Cottoperca trigloides","Genypterus blacodes"
"Cottoperca trigloides","Bathyraja griseocauda"
"Cottoperca trigloides","Salilota australis"
"Cottoperca trigloides","Lagenorhynchus australis"
"Cottoperca trigloides","Spheniscus magellanicus"
"Cottoperca trigloides","Pygoscelis papua"
"Cottoperca trigloides","Phalacrocorax magellanicus"
"Crepipatella dilatata","Anasterias antarctica"
"Crepipatella dilatata","Asterina fimbriata"
"Crepipatella dilatata","Cosmasterias lurida"
"Crustacea","Acanthocyclus albatrossis"
"Crustacea","Eurypodius latreillii"
"Crustacea","Pagurus comptus"
"Crustacea","Grimothea gregaria"
"Crustacea","Cephalopoda"
"Crustacea","Myxine glutinosa"
"Crustacea","Peltarion spinulosum"
"Crustacea","Bathyraja brachyurops"
"Crustacea","Genypterus blacodes"
"Crustacea","Bathyraja griseocauda"
"Crustacea","Paralomis granulosa"
"Crustacea","Bathyraja albomaculata"
"Crustacea","Patagonotothen ramsayi"
"Crustacea","Polynoidae"
"Crustacea","Congiopodus peruvianus"
"Crustacea","Dipturus chilensis"
"Crustacea","Eleginops maclovinus"
"Crustacea","Schroederichthys bivius"
"Crustacea","Larus dominicanus"
"Crustacea","Larus scoresbii"
"Ctenophora","Macruronus magellanicus"
"Ctenophora","Patagonotothen ramsayi"
"Ctenophora","Salilota australis"
"Ctenophora","Stromateus brasiliensis"
"Cumacea","Polychaeta"
"Cumacea","Pseudechinus magellanicus"
"Cumacea","Dissostichus eleginoides"
"Cumacea","Ophiuroidea"
"Cumacea","Arbacia dufresnii"
"Cumacea","Bathyraja albomaculata"
"Cumacea","Nereididae"
"Cumacea","Eleginops maclovinus"
"Delesseriaceae","Pseudechinus magellanicus"
"Delesseriaceae","Grimothea gregaria"
"Delesseriaceae","Eleginops maclovinus"
"Derbesia sp","Pseudechinus magellanicus"
"Desmarestia sp","Laevilitorina caliginosa"
"Desmarestia sp","Grimothea gregaria"
"Desmarestia sp","Gammaridea"
"Bacillariophyceae","Crustacea"
"Bacillariophyceae","Ostracoda"
"Bacillariophyceae","Ascidiacea"
"Bacillariophyceae","Bivalvia"
"Bacillariophyceae","Crepipatella dilatata"
"Bacillariophyceae","Gaimardia trapesina"
"Bacillariophyceae","Halicarcinus planatus"
"Bacillariophyceae","Laevilitorina caliginosa"
"Bacillariophyceae","Mytilus edulis"
"Bacillariophyceae","Nacella deaurata"
"Bacillariophyceae","Nacella magellanica"
"Bacillariophyceae","Pagurus comptus"
"Bacillariophyceae","Polyplacophora"
"Bacillariophyceae","Pseudechinus magellanicus"
"Bacillariophyceae","Cumacea"
"Bacillariophyceae","Serpulidae"
"Bacillariophyceae","Grimothea gregaria"
"Bacillariophyceae","Gammaridea"
"Bacillariophyceae","Ophiuroidea"
"Bacillariophyceae","Terebellidae"
"Bacillariophyceae","Sprattus fuegensis"
"Bacillariophyceae","Arbacia dufresnii"
"Bacillariophyceae","Notobalanus flosculus"
"Bacillariophyceae","Nereididae"
"Bacillariophyceae","Polynoidae"
"Bacillariophyceae","Tanaidacea"
"Bacillariophyceae","Hydrozoa"
"Bacillariophyceae","Porifera"
"Bacillariophyceae","Zygochlamys patagonica"
"Bacillariophyceae","Ctenophora"
"Bacillariophyceae","Cirratulidae"
"Bacillariophyceae","Chthamalus sp"
"Bacillariophyceae","Glabraster antarctica"
"Dissostichus eleginoides","Bathyraja brachyurops"
"Dissostichus eleginoides","Cottoperca trigloides"
"Dissostichus eleginoides","Genypterus blacodes"
"Dissostichus eleginoides","Bathyraja griseocauda"
"Dissostichus eleginoides","Bathyraja albomaculata"
"Dissostichus eleginoides","Salilota australis"
"Dissostichus eleginoides","Spheniscus magellanicus"
"Dissostichus eleginoides","Pygoscelis papua"
"Dissostichus eleginoides","Thalassarche melanophris"
"Dissostichus eleginoides","Macronectes giganteus"
"Dissostichus eleginoides","Macronectes giganteus"
"Dissostichus eleginoides","Thalassarche melanophris"
"Echiura","Dissostichus eleginoides"
"Echiura","Ophiuroidea"
"Echiura","Eleginops maclovinus"
"Echiura","Schroederichthys bivius"
"Ectocarpus sp","Fissurella picta"
"Ectocarpus sp","Nacella deaurata"
"Ectocarpus sp","Nacella magellanica"
"Ectocarpus sp","Pseudechinus magellanicus"
"Ectocarpus sp","Grimothea gregaria"
"Ectocarpus sp","Eleginops maclovinus"
"Eleginops maclovinus","Cephalorhynchus commersonii"
"Eleginops maclovinus","Lagenorhynchus australis"
"Eleginops maclovinus","Spheniscus magellanicus"
"Eleginops maclovinus","Phalacrocorax atriceps"
"Eleginops maclovinus","Phalacrocorax magellanicus"
"Euphausiacea","Polychaeta"
"Euphausiacea","Cephalopoda"
"Euphausiacea","Dissostichus eleginoides"
"Euphausiacea","Ophiuroidea"
"Euphausiacea","Bathyraja brachyurops"
"Euphausiacea","Cottoperca trigloides"
"Euphausiacea","Genypterus blacodes"
"Euphausiacea","Macruronus magellanicus"
"Euphausiacea","Merluccius hubbsi"
"Euphausiacea","Sprattus fuegensis"
"Euphausiacea","Bathyraja griseocauda"
"Euphausiacea","Patagonotothen longipes"
"Euphausiacea","Patagonotothen tessellata"
"Euphausiacea","Bathyraja albomaculata"
"Euphausiacea","Patagonotothen ramsayi"
"Euphausiacea","Salilota australis"
"Euphausiacea","Hydrozoa"
"Euphausiacea","Hyperiidea"
"Euphausiacea","Odontesthes nigricans"
"Euphausiacea","Schroederichthys bivius"
"Euphausiacea","Thalassarche melanophris"
"Euphausiacea","Macronectes giganteus"
"Retrotapes exalbidus","Anasterias antarctica"
"Eurypodius latreillii","Anasterias antarctica"
"Eurypodius latreillii","Paranotothenia magellanica"
"Eurypodius latreillii","Patagonotothen ramsayi"
"Eurypodius latreillii","Dipturus chilensis"
"Eurypodius latreillii","Schroederichthys bivius"
"Exosphaeroma gigas","Anasterias antarctica"
"Exosphaeroma gigas","Pseudechinus magellanicus"
"Exosphaeroma gigas","Harpagifer bispinis"
"Exosphaeroma gigas","Patagonotothen cornucola"
"Exosphaeroma gigas","Patagonotothen longipes"
"Exosphaeroma gigas","Patagonotothen tessellata"
"Exosphaeroma gigas","Paranotothenia magellanica"
"Exosphaeroma gigas","Austrolycus depressiceps"
"Fissurella oriens","Anasterias antarctica"
"Fissurella oriens","Asterina fimbriata"
"Fissurella oriens","Cosmasterias lurida"
"Fissurella picta","Acanthocyclus albatrossis"
"Fissurella picta","Anasterias antarctica"
"Fissurella picta","Eurypodius latreillii"
"Fissurella picta","Peltarion spinulosum"
"Fissurella picta","Paralomis granulosa"
"Fissurella picta","Lithodes santolla"
"Fresh detritus","Crustacea"
"Fresh detritus","Gastropoda"
"Fresh detritus","Isopoda"
"Fresh detritus","Zooplankton"
"Fresh detritus","Ostracoda"
"Fresh detritus","Amphipoda"
"Fresh detritus","Ascidiacea"
"Fresh detritus","Aulacomya atra"
"Fresh detritus","Bivalvia"
"Fresh detritus","Crepipatella dilatata"
"Fresh detritus","Retrotapes exalbidus"
"Fresh detritus","Exosphaeroma gigas"
"Fresh detritus","Gaimardia trapesina"
"Fresh detritus","Halicarcinus planatus"
"Fresh detritus","Laevilitorina caliginosa"
"Fresh detritus","Mytilus edulis"
"Fresh detritus","Nacella deaurata"
"Fresh detritus","Notochthamalus scabrosus"
"Fresh detritus","Pareuthria fuscata"
"Fresh detritus","Perumytilus purpuratus"
"Fresh detritus","Polychaeta"
"Fresh detritus","Polyplacophora"
"Fresh detritus","Siphonaria lessonii"
"Fresh detritus","Spirorbinae"
"Fresh detritus","Bryozoa"
"Fresh detritus","Copepoda"
"Fresh detritus","Membranipora isabelleana"
"Fresh detritus","Serpulidae"
"Fresh detritus","Grimothea gregaria"
"Fresh detritus","Euphausiacea"
"Fresh detritus","Ophiuroidea"
"Fresh detritus","Terebellidae"
"Fresh detritus","Notobalanus flosculus"
"Fresh detritus","Echiura"
"Fresh detritus","Holothuroidea"
"Fresh detritus","Nereididae"
"Fresh detritus","Tanaidacea"
"Fresh detritus","Hiatella arctica"
"Fresh detritus","Hydrozoa"
"Fresh detritus","Porifera"
"Fresh detritus","Campylonotus vagans"
"Fresh detritus","Zygochlamys patagonica"
"Fresh detritus","Cirripedia"
"Fresh detritus","Chthamalus sp"
"Fresh detritus","Glabraster antarctica"
"Gaimardia trapesina","Anasterias antarctica"
"Gaimardia trapesina","Arbacia dufresnii"
"Gaimardia trapesina","Paranotothenia magellanica"
"Gaimardia trapesina","Asterina fimbriata"
"Gaimardia trapesina","Cosmasterias lurida"
"Gaimardia trapesina","Larus dominicanus"
"Gaimardia trapesina","Stercorarius chilensis"
"Galaxias maculatus","Odontesthes nigricans"
"Gammaridea","Harpagifer bispinis"
"Gammaridea","Patagonotothen cornucola"
"Gammaridea","Nemertea"
"Gammaridea","Glyceridae"
"Gammaridea","Ophiuroidea"
"Gammaridea","Bathyraja brachyurops"
"Gammaridea","Macruronus magellanicus"
"Gammaridea","Bathyraja griseocauda"
"Gammaridea","Bathyraja albomaculata"
"Gammaridea","Patagonotothen ramsayi"
"Gammaridea","Salilota australis"
"Gammaridea","Nereididae"
"Gammaridea","Polynoidae"
"Gammaridea","Hydrozoa"
"Gammaridea","Congiopodus peruvianus"
"Gammaridea","Dipturus chilensis"
"Gammaridea","Eleginops maclovinus"
"Gammaridea","Phalacrocorax atriceps"
"Gastropoda","Acanthocyclus albatrossis"
"Gastropoda","Anasterias antarctica"
"Gastropoda","Eurypodius latreillii"
"Gastropoda","Grimothea gregaria"
"Gastropoda","Patagonotothen cornucola"
"Gastropoda","Dissostichus eleginoides"
"Gastropoda","Myxine glutinosa"
"Gastropoda","Peltarion spinulosum"
"Gastropoda","Bathyraja brachyurops"
"Gastropoda","Cottoperca trigloides"
"Gastropoda","Macruronus magellanicus"
"Gastropoda","Bathyraja griseocauda"
"Gastropoda","Patagonotothen tessellata"
"Gastropoda","Arbacia dufresnii"
"Gastropoda","Paralomis granulosa"
"Gastropoda","Patagonotothen ramsayi"
"Gastropoda","Salilota australis"
"Gastropoda","Polynoidae"
"Gastropoda","Galaxias maculatus"
"Gastropoda","Dipturus chilensis"
"Gastropoda","Lithodes santolla"
"Gastropoda","Odontesthes nigricans"
"Gastropoda","Pygoscelis papua"
"Gastropoda","Larus dominicanus"
"Genypterus blacodes","Dissostichus eleginoides"
"Genypterus blacodes","Bathyraja brachyurops"
"Genypterus blacodes","Bathyraja griseocauda"
"Genypterus blacodes","Dipturus chilensis"
"Genypterus blacodes","Cephalorhynchus commersonii"
"Genypterus blacodes","Phocoena spinipinnis"
"Genypterus blacodes","Pseudorca crassidens"
"Genypterus blacodes","Larus scoresbii"
"Genypterus blacodes","Phalacrocorax atriceps"
"Genypterus blacodes","Phalacrocorax magellanicus"
"Glyceridae","Pagurus comptus"
"Glyceridae","Bathyraja albomaculata"
"Griffithsia sp","Grimothea gregaria"
"Halicarcinus planatus","Cephalorhynchus commersonii"
"Halicarcinus planatus","Anasterias antarctica"
"Halicarcinus planatus","Eurypodius latreillii"
"Halicarcinus planatus","Pseudechinus magellanicus"
"Halicarcinus planatus","Xymenopsis muriciformis"
"Halicarcinus planatus","Patagonotothen cornucola"
"Halicarcinus planatus","Cottoperca trigloides"
"Halicarcinus planatus","Patagonotothen longipes"
"Halicarcinus planatus","Patagonotothen tessellata"
"Halicarcinus planatus","Patagonotothen brevicauda"
"Halicarcinus planatus","Asterina fimbriata"
"Halicarcinus planatus","Austrolycus depressiceps"
"Halicarcinus planatus","Cosmasterias lurida"
"Halicarcinus planatus","Eleginops maclovinus"
"Halicarcinus planatus","Lithodes santolla"
"Halicarcinus planatus","Thalassarche melanophris"
"Halopteris sp","Nacella deaurata"
"Halopteris sp","Nacella magellanica"
"Halopteris sp","Grimothea gregaria"
"Halopteris sp","Loxechinus albus"
"Harpagifer bispinis","Cottoperca trigloides"
"Harpagifer bispinis","Austrolycus depressiceps"
"Harpagifer bispinis","Spheniscus magellanicus"
"Hiatella arctica","Eurypodius latreillii"
"Hiatella arctica","Trophon geversianus"
"Hiatella arctica","Peltarion spinulosum"
"Hiatella arctica","Paralomis granulosa"
"Hiatella arctica","Lithodes santolla"
"Hincksia sp","Pseudechinus magellanicus"
"Hincksia sp","Grimothea gregaria"
"Holothuroidea","Dissostichus eleginoides"
"Holothuroidea","Genypterus blacodes"
"Holothuroidea","Merluccius hubbsi"
"Holothuroidea","Patagonotothen ramsayi"
"Holothuroidea","Salilota australis"
"Hydrozoa","Eurypodius latreillii"
"Hydrozoa","Pagurus comptus"
"Hydrozoa","Pseudechinus magellanicus"
"Hydrozoa","Grimothea gregaria"
"Hydrozoa","Patagonotothen cornucola"
"Hydrozoa","Ophiuroidea"
"Hydrozoa","Peltarion spinulosum"
"Hydrozoa","Genypterus blacodes"
"Hydrozoa","Patagonotothen tessellata"
"Hydrozoa","Loxechinus albus"
"Hydrozoa","Paralomis granulosa"
"Hydrozoa","Paranotothenia magellanica"
"Hydrozoa","Nereididae"
"Hydrozoa","Polynoidae"
"Hydrozoa","Lithodes santolla"
"Hydrozoa","Odontesthes nigricans"
"Hymenena sp","Grimothea gregaria"
"Hyperiidea","Polychaeta"
"Hyperiidea","Genypterus blacodes"
"Hyperiidea","Macruronus magellanicus"
"Hyperiidea","Merluccius hubbsi"
"Hyperiidea","Patagonotothen ramsayi"
"Hyperiidea","Salilota australis"
"Hyperiidea","Dipturus chilensis"
"Hyperiidea","Pygoscelis papua"
"Isopoda","Acanthocyclus albatrossis"
"Isopoda","Anasterias antarctica"
"Isopoda","Eurypodius latreillii"
"Isopoda","Halicarcinus planatus"
"Isopoda","Pagurus comptus"
"Isopoda","Harpagifer bispinis"
"Isopoda","Grimothea gregaria"
"Isopoda","Patagonotothen cornucola"
"Isopoda","Nemertea"
"Isopoda","Dissostichus eleginoides"
"Isopoda","Bathyraja brachyurops"
"Isopoda","Cottoperca trigloides"
"Isopoda","Genypterus blacodes"
"Isopoda","Sprattus fuegensis"
"Isopoda","Bathyraja griseocauda"
"Isopoda","Bathyraja scaphiops"
"Isopoda","Patagonotothen longipes"
"Isopoda","Patagonotothen sima"
"Isopoda","Patagonotothen tessellata"
"Isopoda","Arbacia dufresnii"
"Isopoda","Paralomis granulosa"
"Isopoda","Bathyraja albomaculata"
"Isopoda","Paranotothenia magellanica"
"Isopoda","Patagonotothen ramsayi"
"Isopoda","Salilota australis"
"Isopoda","Dipturus chilensis"
"Isopoda","Austrolycus depressiceps"
"Isopoda","Eleginops maclovinus"
"Isopoda","Lithodes santolla"
"Isopoda","Odontesthes nigricans"
"Isopoda","Schroederichthys bivius"
"Isopoda","Pygoscelis papua"
"Isopoda","Macronectes giganteus"
"Isopoda","Larus dominicanus"
"Isopoda","Larus scoresbii"
"Isopoda","Phalacrocorax atriceps"
"Laevilitorina caliginosa","Anasterias antarctica"
"Laevilitorina caliginosa","Nacella deaurata"
"Laevilitorina caliginosa","Nacella magellanica"
"Laevilitorina caliginosa","Harpagifer bispinis"
"Laevilitorina caliginosa","Paranotothenia magellanica"
"Larus dominicanus","Macronectes giganteus"
"Lithodes santolla","Phalacrocorax atriceps"
"Lithodes santolla","Phalacrocorax magellanicus"
"Loxechinus albus","Cosmasterias lurida"
"Macroalgae","Calliostoma nudum"
"Macroalgae","Fissurella picta"
"Macroalgae","Margarella violacea"
"Macroalgae","Acanthocyclus albatrossis"
"Macroalgae","Crepipatella dilatata"
"Macroalgae","Eurypodius latreillii"
"Macroalgae","Laevilitorina caliginosa"
"Macroalgae","Pagurus comptus"
"Macroalgae","Grimothea gregaria"
"Macroalgae","Gammaridea"
"Macroalgae","Peltarion spinulosum"
"Macroalgae","Bathyraja brachyurops"
"Macroalgae","Cottoperca trigloides"
"Macroalgae","Bathyraja griseocauda"
"Macroalgae","Arbacia dufresnii"
"Macroalgae","Paralomis granulosa"
"Macroalgae","Paranotothenia magellanica"
"Macroalgae","Eleginops maclovinus"
"Macroalgae","Lithodes santolla"
"Macroalgae","Odontesthes nigricans"
"Macroalgae","Schroederichthys bivius"
"Macrocystis pyrifera","Fissurella picta"
"Macrocystis pyrifera","Isopoda"
"Macrocystis pyrifera","Margarella violacea"
"Macrocystis pyrifera","Acanthocyclus albatrossis"
"Macrocystis pyrifera","Amphipoda"
"Macrocystis pyrifera","Crepipatella dilatata"
"Macrocystis pyrifera","Fissurella oriens"
"Macrocystis pyrifera","Nacella deaurata"
"Macrocystis pyrifera","Nacella magellanica"
"Macrocystis pyrifera","Nacella mytilina"
"Macrocystis pyrifera","Plaxiphora sp"
"Macrocystis pyrifera","Polyplacophora"
"Macrocystis pyrifera","Pseudechinus magellanicus"
"Macrocystis pyrifera","Siphonaria lessonii"
"Macrocystis pyrifera","Grimothea gregaria"
"Macrocystis pyrifera","Patagonotothen tessellata"
"Macrocystis pyrifera","Arbacia dufresnii"
"Macrocystis pyrifera","Loxechinus albus"
"Macrocystis pyrifera","Paralomis granulosa"
"Macrocystis pyrifera","Eleginops maclovinus"
"Macrocystis pyrifera","Lithodes santolla"
"Macruronus magellanicus","Dissostichus eleginoides"
"Macruronus magellanicus","Bathyraja brachyurops"
"Macruronus magellanicus","Cottoperca trigloides"
"Macruronus magellanicus","Genypterus blacodes"
"Macruronus magellanicus","Merluccius hubbsi"
"Macruronus magellanicus","Bathyraja griseocauda"
"Macruronus magellanicus","Salilota australis"
"Macruronus magellanicus","Dipturus chilensis"
"Macruronus magellanicus","Lagenorhynchus australis"
"Macruronus magellanicus","Pseudorca crassidens"
"Macruronus magellanicus","Spheniscus magellanicus"
"Macruronus magellanicus","Thalassarche melanophris"
"Margarella violacea","Acanthocyclus albatrossis"
"Margarella violacea","Anasterias antarctica"
"Margarella violacea","Eurypodius latreillii"
"Margarella violacea","Nacella deaurata"
"Margarella violacea","Nacella magellanica"
"Margarella violacea","Peltarion spinulosum"
"Margarella violacea","Arbacia dufresnii"
"Margarella violacea","Paralomis granulosa"
"Margarella violacea","Asterina fimbriata"
"Margarella violacea","Cosmasterias lurida"
"Margarella violacea","Lithodes santolla"
"Membranipora isabelleana","Eurypodius latreillii"
"Membranipora isabelleana","Halicarcinus planatus"
"Membranipora isabelleana","Pagurus comptus"
"Membranipora isabelleana","Pseudechinus magellanicus"
"Membranipora isabelleana","Peltarion spinulosum"
"Membranipora isabelleana","Arbacia dufresnii"
"Membranipora isabelleana","Paralomis granulosa"
"Membranipora isabelleana","Lithodes santolla"
"Merluccius hubbsi","Bathyraja brachyurops"
"Merluccius hubbsi","Cottoperca trigloides"
"Merluccius hubbsi","Genypterus blacodes"
"Merluccius hubbsi","Macruronus magellanicus"
"Merluccius hubbsi","Salilota australis"
"Merluccius hubbsi","Dipturus chilensis"
"Merluccius hubbsi","Schroederichthys bivius"
"Merluccius hubbsi","Cephalorhynchus commersonii"
"Merluccius hubbsi","Phocoena spinipinnis"
"Merluccius hubbsi","Lagenorhynchus australis"
"Merluccius hubbsi","Lagenorhynchus cruciger"
"Merluccius hubbsi","Pygoscelis papua"
"Merluccius hubbsi","Macronectes giganteus"
"Merluccius hubbsi","Larus scoresbii"
"Merluccius hubbsi","Phalacrocorax atriceps"
"Merluccius hubbsi","Phalacrocorax magellanicus"
"Monostroma sp","Grimothea gregaria"
"Grimothea gregaria","Eurypodius latreillii"
"Grimothea gregaria","Trophon geversianus"
"Grimothea gregaria","Patagonotothen cornucola"
"Grimothea gregaria","Peltarion spinulosum"
"Grimothea gregaria","Bathyraja brachyurops"
"Grimothea gregaria","Cottoperca trigloides"
"Grimothea gregaria","Genypterus blacodes"
"Grimothea gregaria","Macruronus magellanicus"
"Grimothea gregaria","Merluccius hubbsi"
"Grimothea gregaria","Bathyraja griseocauda"
"Grimothea gregaria","Patagonotothen longipes"
"Grimothea gregaria","Patagonotothen sima"
"Grimothea gregaria","Patagonotothen tessellata"
"Grimothea gregaria","Paralomis granulosa"
"Grimothea gregaria","Bathyraja albomaculata"
"Grimothea gregaria","Paranotothenia magellanica"
"Grimothea gregaria","Patagonotothen brevicauda"
"Grimothea gregaria","Patagonotothen ramsayi"
"Grimothea gregaria","Salilota australis"
"Grimothea gregaria","Dipturus chilensis"
"Grimothea gregaria","Champsocephalus esox"
"Grimothea gregaria","Austrolycus depressiceps"
"Grimothea gregaria","Cosmasterias lurida"
"Grimothea gregaria","Eleginops maclovinus"
"Grimothea gregaria","Lithodes santolla"
"Grimothea gregaria","Odontesthes nigricans"
"Grimothea gregaria","Schroederichthys bivius"
"Grimothea gregaria","Cephalorhynchus commersonii"
"Grimothea gregaria","Spheniscus magellanicus"
"Grimothea gregaria","Pygoscelis papua"
"Grimothea gregaria","Thalassarche melanophris"
"Grimothea gregaria","Macronectes giganteus"
"Grimothea gregaria","Larus dominicanus"
"Grimothea gregaria","Stercorarius chilensis"
"Grimothea gregaria","Phalacrocorax atriceps"
"Grimothea gregaria","Phalacrocorax magellanicus"
"Myriogramme sp","Grimothea gregaria"
"Mytilus edulis","Anasterias antarctica"
"Mytilus edulis","Eurypodius latreillii"
"Mytilus edulis","Nacella deaurata"
"Mytilus edulis","Nacella magellanica"
"Mytilus edulis","Pagurus comptus"
"Mytilus edulis","Pseudechinus magellanicus"
"Mytilus edulis","Trophon geversianus"
"Mytilus edulis","Xymenopsis muriciformis"
"Mytilus edulis","Patagonotothen cornucola"
"Mytilus edulis","Peltarion spinulosum"
"Mytilus edulis","Patagonotothen longipes"
"Mytilus edulis","Patagonotothen tessellata"
"Mytilus edulis","Arbacia dufresnii"
"Mytilus edulis","Paralomis granulosa"
"Mytilus edulis","Lithodes santolla"
"Mytilus edulis","Lontra provocax"
"Mytilus edulis","Larus scoresbii"
"Myxine glutinosa","Bathyraja brachyurops"
"Myxine glutinosa","Macruronus magellanicus"
"Myxine glutinosa","Bathyraja griseocauda"
"Myxine glutinosa","Bathyraja albomaculata"
"Myxine glutinosa","Dipturus chilensis"
"Nacella deaurata","Anasterias antarctica"
"Nacella deaurata","Trophon geversianus"
"Nacella deaurata","Xymenopsis muriciformis"
"Nacella deaurata","Nemertea"
"Nacella deaurata","Patagonotothen tessellata"
"Nacella deaurata","Austrolycus depressiceps"
"Nacella deaurata","Eleginops maclovinus"
"Nacella deaurata","Larus dominicanus"
"Nacella magellanica","Anasterias antarctica"
"Nacella magellanica","Cosmasterias lurida"
"Nacella magellanica","Larus dominicanus"
"Nacella mytilina","Anasterias antarctica"
"Nacella mytilina","Asterina fimbriata"
"Nacella mytilina","Cosmasterias lurida"
"Nacella mytilina","Larus dominicanus"
"Necromass","Thalassarche melanophris"
"Necromass","Macronectes giganteus"
"Necromass","Anasterias antarctica"
"Necromass","Exosphaeroma gigas"
"Necromass","Halicarcinus planatus"
"Necromass","Pagurus comptus"
"Necromass","Pareuthria fuscata"
"Necromass","Polychaeta"
"Necromass","Spirorbinae"
"Necromass","Grimothea gregaria"
"Necromass","Nemertea"
"Necromass","Dissostichus eleginoides"
"Necromass","Glyceridae"
"Necromass","Myxine glutinosa"
"Necromass","Cottoperca trigloides"
"Necromass","Patagonotothen ramsayi"
"Necromass","Nereididae"
"Necromass","Polynoidae"
"Necromass","Cirratulidae"
"Necromass","Cosmasterias lurida"
"Necromass","Glabraster antarctica"
"Necromass","Lithodes santolla"
"Necromass","Schroederichthys bivius"
"Necromass","Larus dominicanus"
"Nemertea","Harpagifer bispinis"
"Nemertea","Myxine glutinosa"
"Nemertea","Bathyraja brachyurops"
"Nemertea","Patagonotothen tessellata"
"Nemertea","Bathyraja albomaculata"
"Nemertea","Hydrozoa"
"Nemertea","Austrolycus depressiceps"
"Nemertea","Eleginops maclovinus"
"Nemertea","Schroederichthys bivius"
"Nereididae","Harpagifer bispinis"
"Nereididae","Patagonotothen cornucola"
"Nereididae","Nemertea"
"Nereididae","Glyceridae"
"Nereididae","Priapulida"
"Nereididae","Patagonotothen longipes"
"Nereididae","Patagonotothen tessellata"
"Nereididae","Polynoidae"
"Nereididae","Eleginops maclovinus"
"Nothogenia fastigiata","Isopoda"
"Nothogenia fastigiata","Nacella deaurata"
"Nothogenia fastigiata","Nacella magellanica"
"Nothogenia fastigiata","Polyplacophora"
"Nothogenia fastigiata","Siphonaria lessonii"
"Nothogenia fastigiata","Grimothea gregaria"
"Nothogenia fastigiata","Patagonotothen tessellata"
"Nothogenia fastigiata","Eleginops maclovinus"
"Notobalanus flosculus","Cosmasterias lurida"
"Notochthamalus scabrosus","Lontra provocax"
"Notochthamalus scabrosus","Anasterias antarctica"
"Notochthamalus scabrosus","Nacella magellanica"
"Notochthamalus scabrosus","Trophon geversianus"
"Notochthamalus scabrosus","Eleginops maclovinus"
"Odontesthes nigricans","Cephalorhynchus commersonii"
"Odontesthes nigricans","Phocoena spinipinnis"
"Odontesthes nigricans","Lagenorhynchus australis"
"Odontesthes nigricans","Phalacrocorax magellanicus"
"Oligochaeta","Grimothea gregaria"
"Oligochaeta","Nemertea"
"Oligochaeta","Gammaridea"
"Oligochaeta","Nereididae"
"Ophiuroidea","Dissostichus eleginoides"
"Ophiuroidea","Bathyraja brachyurops"
"Ophiuroidea","Cottoperca trigloides"
"Ophiuroidea","Genypterus blacodes"
"Ophiuroidea","Merluccius hubbsi"
"Ophiuroidea","Patagonotothen tessellata"
"Ophiuroidea","Bathyraja albomaculata"
"Ophiuroidea","Patagonotothen ramsayi"
"Ophiuroidea","Salilota australis"
"Ophiuroidea","Eleginops maclovinus"
"Ophiuroidea","Lithodes santolla"
"Ophiuroidea","Schroederichthys bivius"
"Ostracoda","Amphipoda"
"Ostracoda","Nacella deaurata"
"Ostracoda","Nacella magellanica"
"Ostracoda","Pagurus comptus"
"Ostracoda","Polychaeta"
"Ostracoda","Pseudechinus magellanicus"
"Ostracoda","Harpagifer bispinis"
"Ostracoda","Grimothea gregaria"
"Ostracoda","Patagonotothen cornucola"
"Ostracoda","Euphausiacea"
"Ostracoda","Gammaridea"
"Ostracoda","Ophiuroidea"
"Ostracoda","Sprattus fuegensis"
"Ostracoda","Patagonotothen longipes"
"Ostracoda","Arbacia dufresnii"
"Ostracoda","Paralomis granulosa"
"Ostracoda","Polynoidae"
"Ostracoda","Hydrozoa"
"Ostracoda","Galaxias maculatus"
"Ostracoda","Hyperiidea"
"Ostracoda","Eleginops maclovinus"
"Ostracoda","Glabraster antarctica"
"Pagurus comptus","Anasterias antarctica"
"Pagurus comptus","Eurypodius latreillii"
"Pagurus comptus","Bathyraja brachyurops"
"Pagurus comptus","Bathyraja griseocauda"
"Pagurus comptus","Paralomis granulosa"
"Pagurus comptus","Patagonotothen ramsayi"
"Pagurus comptus","Asterina fimbriata"
"Pagurus comptus","Cosmasterias lurida"
"Pagurus comptus","Lithodes santolla"
"Pagurus comptus","Pygoscelis papua"
"Paralomis granulosa","Dissostichus eleginoides"
"Paralomis granulosa","Cosmasterias lurida"
"Paranotothenia magellanica","Cottoperca trigloides"
"Paranotothenia magellanica","Spheniscus magellanicus"
"Paranotothenia magellanica","Pygoscelis papua"
"Paranotothenia magellanica","Phalacrocorax magellanicus"
"Paranotothenia magellanica","Macronectes giganteus"
"Paranotothenia magellanica","Thalassarche melanophris"
"Pareuthria fuscata","Anasterias antarctica"
"Pareuthria fuscata","Pseudechinus magellanicus"
"Pareuthria fuscata","Asterina fimbriata"
"Pareuthria fuscata","Cosmasterias lurida"
"Patagonotothen sp","Phalacrocorax atriceps"
"Patagonotothen sp","Phalacrocorax magellanicus"
"Patagonotothen brevicauda","Dissostichus eleginoides"
"Patagonotothen brevicauda","Cottoperca trigloides"
"Patagonotothen brevicauda","Spheniscus magellanicus"
"Patagonotothen brevicauda","Pygoscelis papua"
"Patagonotothen brevicauda","Macronectes giganteus"
"Patagonotothen brevicauda","Thalassarche melanophris"
"Patagonotothen cornucola","Patagonotothen brevicauda"
"Patagonotothen cornucola","Austrolycus depressiceps"
"Patagonotothen cornucola","Eleginops maclovinus"
"Patagonotothen cornucola","Spheniscus magellanicus"
"Patagonotothen cornucola","Pygoscelis papua"
"Patagonotothen cornucola","Larus dominicanus"
"Patagonotothen cornucola","Larus scoresbii"
"Patagonotothen cornucola","Macronectes giganteus"
"Patagonotothen cornucola","Thalassarche melanophris"
"Patagonotothen longipes","Cottoperca trigloides"
"Patagonotothen longipes","Champsocephalus esox"
"Patagonotothen longipes","Spheniscus magellanicus"
"Patagonotothen longipes","Pygoscelis papua"
"Patagonotothen longipes","Macronectes giganteus"
"Patagonotothen longipes","Thalassarche melanophris"
"Patagonotothen ramsayi","Dissostichus eleginoides"
"Patagonotothen ramsayi","Cottoperca trigloides"
"Patagonotothen ramsayi","Genypterus blacodes"
"Patagonotothen ramsayi","Macruronus magellanicus"
"Patagonotothen ramsayi","Merluccius hubbsi"
"Patagonotothen ramsayi","Salilota australis"
"Patagonotothen ramsayi","Dipturus chilensis"
"Patagonotothen ramsayi","Schroederichthys bivius"
"Patagonotothen ramsayi","Spheniscus magellanicus"
"Patagonotothen ramsayi","Pygoscelis papua"
"Patagonotothen ramsayi","Pygoscelis papua"
"Patagonotothen ramsayi","Macronectes giganteus"
"Patagonotothen ramsayi","Thalassarche melanophris"
"Patagonotothen sima","Cottoperca trigloides"
"Patagonotothen sima","Champsocephalus esox"
"Patagonotothen sima","Lagenorhynchus australis"
"Patagonotothen sima","Spheniscus magellanicus"
"Patagonotothen sima","Pygoscelis papua"
"Patagonotothen sima","Larus scoresbii"
"Patagonotothen sima","Macronectes giganteus"
"Patagonotothen sima","Thalassarche melanophris"
"Patagonotothen sp","Bathyraja brachyurops"
"Patagonotothen sp","Bathyraja griseocauda"
"Patagonotothen sp","Bathyraja scaphiops"
"Patagonotothen sp","Cephalorhynchus commersonii"
"Patagonotothen sp","Phocoena spinipinnis"
"Patagonotothen sp","Spheniscus magellanicus"
"Patagonotothen sp","Pygoscelis papua"
"Patagonotothen sp","Pygoscelis papua"
"Patagonotothen sp","Macronectes giganteus"
"Patagonotothen sp","Thalassarche melanophris"
"Patagonotothen tessellata","Cottoperca trigloides"
"Patagonotothen tessellata","Patagonotothen ramsayi"
"Patagonotothen tessellata","Champsocephalus esox"
"Patagonotothen tessellata","Lagenorhynchus australis"
"Patagonotothen tessellata","Spheniscus magellanicus"
"Patagonotothen tessellata","Pygoscelis papua"
"Patagonotothen tessellata","Macronectes giganteus"
"Patagonotothen tessellata","Thalassarche melanophris"
"Peltarion spinulosum","Bathyraja brachyurops"
"Peltarion spinulosum","Cottoperca trigloides"
"Peltarion spinulosum","Bathyraja albomaculata"
"Peltarion spinulosum","Patagonotothen ramsayi"
"Peltarion spinulosum","Dipturus chilensis"
"Peltarion spinulosum","Eleginops maclovinus"
"Peltarion spinulosum","Lithodes santolla"
"Peltarion spinulosum","Schroederichthys bivius"
"Perumytilus purpuratus","Anasterias antarctica"
"Perumytilus purpuratus","Pseudechinus magellanicus"
"Perumytilus purpuratus","Trophon geversianus"
"Perumytilus purpuratus","Harpagifer bispinis"
"Perumytilus purpuratus","Nemertea"
"Perumytilus purpuratus","Larus scoresbii"
"Phalacrocorax atriceps","Macronectes giganteus"
"Phytoplankton","Crustacea"
"Phytoplankton","Zooplankton"
"Phytoplankton","Ostracoda"
"Phytoplankton","Ascidiacea"
"Phytoplankton","Aulacomya atra"
"Phytoplankton","Bivalvia"
"Phytoplankton","Crepipatella dilatata"
"Phytoplankton","Gaimardia trapesina"
"Phytoplankton","Halicarcinus planatus"
"Phytoplankton","Laevilitorina caliginosa"
"Phytoplankton","Mytilus edulis"
"Phytoplankton","Nacella deaurata"
"Phytoplankton","Nacella magellanica"
"Phytoplankton","Nacella mytilina"
"Phytoplankton","Notochthamalus scabrosus"
"Phytoplankton","Pagurus comptus"
"Phytoplankton","Perumytilus purpuratus"
"Phytoplankton","Plaxiphora sp"
"Phytoplankton","Polyplacophora"
"Phytoplankton","Pseudechinus magellanicus"
"Phytoplankton","Siphonaria lessonii"
"Phytoplankton","Spirorbinae"
"Phytoplankton","Bryozoa"
"Phytoplankton","Copepoda"
"Phytoplankton","Membranipora isabelleana"
"Phytoplankton","Serpulidae"
"Phytoplankton","Grimothea gregaria"
"Phytoplankton","Cephalopoda"
"Phytoplankton","Euphausiacea"
"Phytoplankton","Gammaridea"
"Phytoplankton","Ophiuroidea"
"Phytoplankton","Sprattus fuegensis"
"Phytoplankton","Arbacia dufresnii"
"Phytoplankton","Notobalanus flosculus"
"Phytoplankton","Tanaidacea"
"Phytoplankton","Hiatella arctica"
"Phytoplankton","Hydrozoa"
"Phytoplankton","Zygochlamys patagonica"
"Phytoplankton","Cirripedia"
"Phytoplankton","Cirratulidae"
"Phytoplankton","Chthamalus sp"
"Phytoplankton","Glabraster antarctica"
"Plaxiphora sp","Anasterias antarctica"
"Plaxiphora sp","Asterina fimbriata"
"Plaxiphora sp","Cosmasterias lurida"
"Plaxiphora sp","Larus dominicanus"
"Polychaeta","Anasterias antarctica"
"Polychaeta","Eurypodius latreillii"
"Polychaeta","Halicarcinus planatus"
"Polychaeta","Pagurus comptus"
"Polychaeta","Pseudechinus magellanicus"
"Polychaeta","Harpagifer bispinis"
"Polychaeta","Grimothea gregaria"
"Polychaeta","Patagonotothen cornucola"
"Polychaeta","Cephalopoda"
"Polychaeta","Dissostichus eleginoides"
"Polychaeta","Myxine glutinosa"
"Polychaeta","Ophiuroidea"
"Polychaeta","Peltarion spinulosum"
"Polychaeta","Bathyraja brachyurops"
"Polychaeta","Cottoperca trigloides"
"Polychaeta","Genypterus blacodes"
"Polychaeta","Merluccius hubbsi"
"Polychaeta","Patagonotothen sp"
"Polychaeta","Priapulida"
"Polychaeta","Bathyraja griseocauda"
"Polychaeta","Patagonotothen longipes"
"Polychaeta","Patagonotothen sima"
"Polychaeta","Patagonotothen tessellata"
"Polychaeta","Arbacia dufresnii"
"Polychaeta","Paralomis granulosa"
"Polychaeta","Bathyraja albomaculata"
"Polychaeta","Paranotothenia magellanica"
"Polychaeta","Patagonotothen brevicauda"
"Polychaeta","Patagonotothen ramsayi"
"Polychaeta","Salilota australis"
"Polychaeta","Polynoidae"
"Polychaeta","Stromateus brasiliensis"
"Polychaeta","Zygochlamys patagonica"
"Polychaeta","Dipturus chilensis"
"Polychaeta","Austrolycus depressiceps"
"Polychaeta","Eleginops maclovinus"
"Polychaeta","Lithodes santolla"
"Polychaeta","Odontesthes nigricans"
"Polychaeta","Schroederichthys bivius"
"Polychaeta","Larus dominicanus"
"Polychaeta","Larus scoresbii"
"Polychaeta","Sterna hirundinacea"
"Polychaeta","Phalacrocorax atriceps"
"Polychaeta","Phalacrocorax magellanicus"
"Polynoidae","Harpagifer bispinis"
"Polynoidae","Patagonotothen cornucola"
"Polynoidae","Nemertea"
"Polynoidae","Glyceridae"
"Polynoidae","Ophiuroidea"
"Polynoidae","Patagonotothen tessellata"
"Polynoidae","Hydrozoa"
"Polynoidae","Eleginops maclovinus"
"Polyplacophora","Gastropoda"
"Polyplacophora","Anasterias antarctica"
"Polyplacophora","Trophon geversianus"
"Polyplacophora","Xymenopsis muriciformis"
"Polyplacophora","Nemertea"
"Polyplacophora","Patagonotothen tessellata"
"Polyplacophora","Austrolycus depressiceps"
"Polyplacophora","Cosmasterias lurida"
"Polyplacophora","Eleginops maclovinus"
"Polyplacophora","Lithodes santolla"
"Polysiphonia sp","Halicarcinus planatus"
"Polysiphonia sp","Laevilitorina caliginosa"
"Polysiphonia sp","Nacella deaurata"
"Polysiphonia sp","Nacella magellanica"
"Polysiphonia sp","Pseudechinus magellanicus"
"Polysiphonia sp","Patagonotothen cornucola"
"Polysiphonia sp","Gammaridea"
"Porifera","Fissurella picta"
"Porifera","Gastropoda"
"Porifera","Polyplacophora"
"Porifera","Pseudechinus magellanicus"
"Porifera","Tonicia sp"
"Porifera","Grimothea gregaria"
"Porifera","Genypterus blacodes"
"Porifera","Merluccius hubbsi"
"Porifera","Salilota australis"
"Porifera","Polynoidae"
"Porifera","Zygochlamys patagonica"
"Porifera","Dipturus chilensis"
"Porifera","Glabraster antarctica"
"Porifera","Lithodes santolla"
"Porifera","Schroederichthys bivius"
"Porphyra sp","Laevilitorina caliginosa"
"Porphyra sp","Patagonotothen cornucola"
"Porphyra sp","Gammaridea"
"Porphyra sp","Patagonotothen longipes"
"Priapulida","Cephalopoda"
"Priapulida","Myxine glutinosa"
"Priapulida","Bathyraja brachyurops"
"Priapulida","Cosmasterias lurida"
"Priapulida","Eleginops maclovinus"
"Priapulida","Schroederichthys bivius"
"Pseudechinus magellanicus","Anasterias antarctica"
"Pseudechinus magellanicus","Eurypodius latreillii"
"Pseudechinus magellanicus","Pagurus comptus"
"Pseudechinus magellanicus","Peltarion spinulosum"
"Pseudechinus magellanicus","Paralomis granulosa"
"Pseudechinus magellanicus","Dipturus chilensis"
"Pseudechinus magellanicus","Asterina fimbriata"
"Pseudechinus magellanicus","Cosmasterias lurida"
"Pseudechinus magellanicus","Lithodes santolla"
"Pygoscelis papua","Macronectes giganteus"
"Rhizoclonium sp","Nacella deaurata"
"Rhizoclonium sp","Nacella magellanica"
"Rhizoclonium sp","Pseudechinus magellanicus"
"Rhizoclonium sp","Grimothea gregaria"
"Rhizoclonium sp","Patagonotothen cornucola"
"Rhizoclonium sp","Eleginops maclovinus"
"Salilota australis","Dissostichus eleginoides"
"Salilota australis","Cottoperca trigloides"
"Salilota australis","Genypterus blacodes"
"Salilota australis","Macruronus magellanicus"
"Salilota australis","Merluccius hubbsi"
"Salilota australis","Cephalorhynchus commersonii"
"Salilota australis","Phocoena spinipinnis"
"Salilota australis","Lagenorhynchus australis"
"Salilota australis","Larus scoresbii"
"Salilota australis","Phalacrocorax magellanicus"
"Scytothamnus fasciculatus","Isopoda"
"Scytothamnus fasciculatus","Nacella deaurata"
"Scytothamnus fasciculatus","Polyplacophora"
"Scytothamnus fasciculatus","Siphonaria lessonii"
"Scytothamnus fasciculatus","Grimothea gregaria"
"Scytothamnus fasciculatus","Patagonotothen tessellata"
"Scytothamnus fasciculatus","Eleginops maclovinus"
"Serpulidae","Mytilus edulis"
"Serpulidae","Arbacia dufresnii"
"Serpulidae","Cosmasterias lurida"
"Serpulidae","Lithodes santolla"
"Siphonaria lessonii","Anasterias antarctica"
"Siphonaria lessonii","Trophon geversianus"
"Siphonaria lessonii","Xymenopsis muriciformis"
"Siphonaria lessonii","Nemertea"
"Siphonaria lessonii","Patagonotothen tessellata"
"Siphonaria lessonii","Austrolycus depressiceps"
"Siphonaria lessonii","Eleginops maclovinus"
"Sphacelaria sp","Pseudechinus magellanicus"
"Sphacelaria sp","Grimothea gregaria"
"Spheniscus magellanicus","Macronectes giganteus"
"Spirorbinae","Anasterias antarctica"
"Spirorbinae","Pseudechinus magellanicus"
"Spirorbinae","Arbacia dufresnii"
"Spirorbinae","Asterina fimbriata"
"Spirorbinae","Cosmasterias lurida"
"Sprattus fuegensis","Dissostichus eleginoides"
"Sprattus fuegensis","Bathyraja brachyurops"
"Sprattus fuegensis","Cottoperca trigloides"
"Sprattus fuegensis","Macruronus magellanicus"
"Sprattus fuegensis","Merluccius hubbsi"
"Sprattus fuegensis","Bathyraja griseocauda"
"Sprattus fuegensis","Patagonotothen ramsayi"
"Sprattus fuegensis","Salilota australis"
"Sprattus fuegensis","Schroederichthys bivius"
"Sprattus fuegensis","Cephalorhynchus commersonii"
"Sprattus fuegensis","Phocoena spinipinnis"
"Sprattus fuegensis","Grampus griseus"
"Sprattus fuegensis","Spheniscus magellanicus"
"Sprattus fuegensis","Pygoscelis papua"
"Sprattus fuegensis","Thalassarche melanophris"
"Sprattus fuegensis","Macronectes giganteus"
"Sprattus fuegensis","Larus scoresbii"
"Sprattus fuegensis","Phalacrocorax atriceps"
"Sprattus fuegensis","Stercorarius chilensis"
"Stromateus brasiliensis","Genypterus blacodes"
"Stromateus brasiliensis","Merluccius hubbsi"
"Stromateus brasiliensis","Dipturus chilensis"
"Stromateus brasiliensis","Phalacrocorax atriceps"
"Tanaidacea","Gastropoda"
"Tanaidacea","Patagonotothen cornucola"
"Tanaidacea","Eleginops maclovinus"
"Terebellidae","Nemertea"
"Terebellidae","Bathyraja albomaculata"
"Terebellidae","Eleginops maclovinus"
"Tonicia sp","Anasterias antarctica"
"Tonicia sp","Paralomis granulosa"
"Tonicia sp","Lithodes santolla"
"Bonnemaisonia sp","Grimothea gregaria"
"Trophon geversianus","Anasterias antarctica"
"Trophon geversianus","Patagonotothen tessellata"
"Trophon geversianus","Asterina fimbriata"
"Trophon geversianus","Austrolycus depressiceps"
"Trophon geversianus","Cosmasterias lurida"
"Trophon geversianus","Eleginops maclovinus"
"Ulothrix sp","Pseudechinus magellanicus"
"Ulothrix sp","Larus scoresbii"
"Ulva rigida","Isopoda"
"Ulva rigida","Nacella deaurata"
"Ulva rigida","Polyplacophora"
"Ulva rigida","Siphonaria lessonii"
"Ulva rigida","Grimothea gregaria"
"Ulva rigida","Patagonotothen tessellata"
"Ulva rigida","Eleginops maclovinus"
"Ulva rigida","Larus scoresbii"
"Ulva sp","Fissurella picta"
"Ulva sp","Isopoda"
"Ulva sp","Amphipoda"
"Ulva sp","Laevilitorina caliginosa"
"Ulva sp","Mytilus edulis"
"Ulva sp","Nacella deaurata"
"Ulva sp","Nacella magellanica"
"Ulva sp","Polyplacophora"
"Ulva sp","Pseudechinus magellanicus"
"Ulva sp","Siphonaria lessonii"
"Ulva sp","Grimothea gregaria"
"Ulva sp","Gammaridea"
"Ulva sp","Terebellidae"
"Ulva sp","Patagonotothen tessellata"
"Ulva sp","Loxechinus albus"
"Ulva sp","Nereididae"
"Ulva sp","Eleginops maclovinus"
"Xymenopsis muriciformis","Anasterias antarctica"
"Xymenopsis muriciformis","Patagonotothen tessellata"
"Xymenopsis muriciformis","Austrolycus depressiceps"
"Xymenopsis muriciformis","Eleginops maclovinus"
"Zooplankton","Ostracoda"
"Zooplankton","Acanthocyclus albatrossis"
"Zooplankton","Ascidiacea"
"Zooplankton","Aulacomya atra"
"Zooplankton","Crepipatella dilatata"
"Zooplankton","Eurypodius latreillii"
"Zooplankton","Halicarcinus planatus"
"Zooplankton","Laevilitorina caliginosa"
"Zooplankton","Mytilus edulis"
"Zooplankton","Nacella deaurata"
"Zooplankton","Nacella magellanica"
"Zooplankton","Notochthamalus scabrosus"
"Zooplankton","Pagurus comptus"
"Zooplankton","Perumytilus purpuratus"
"Zooplankton","Pseudechinus magellanicus"
"Zooplankton","Copepoda"
"Zooplankton","Grimothea gregaria"
"Zooplankton","Cephalopoda"
"Zooplankton","Euphausiacea"
"Zooplankton","Ophiuroidea"
"Zooplankton","Peltarion spinulosum"
"Zooplankton","Terebellidae"
"Zooplankton","Macruronus magellanicus"
"Zooplankton","Merluccius hubbsi"
"Zooplankton","Patagonotothen sp"
"Zooplankton","Sprattus fuegensis"
"Zooplankton","Arbacia dufresnii"
"Zooplankton","Paralomis granulosa"
"Zooplankton","Patagonotothen ramsayi"
"Zooplankton","Nereididae"
"Zooplankton","Hydrozoa"
"Zooplankton","Galaxias maculatus"
"Zooplankton","Hyperiidea"
"Zooplankton","Zygochlamys patagonica"
"Zooplankton","Cirripedia"
"Zooplankton","Cirratulidae"
"Zooplankton","Congiopodus peruvianus"
"Zooplankton","Eleginops maclovinus"
"Zooplankton","Lithodes santolla"
"Zygochlamys patagonica","Genypterus blacodes"
"Zygochlamys patagonica","Patagonotothen tessellata"
"Zygochlamys patagonica","Patagonotothen ramsayi"
"Amphipoda","Patagonotothen sp"
"Copepoda","Patagonotothen sp"
"Isopoda","Patagonotothen sp"
"Grimothea gregaria","Patagonotothen sp"
"Grimothea gregaria","Megaptera novaeangliae"
"Sprattus fuegensis","Megaptera novaeangliae"
"Euphausiacea","Megaptera novaeangliae"
"Eleginops maclovinus","Otariidae"
"Genypterus blacodes","Otariidae"
"Macruronus magellanicus","Otariidae"
"Grimothea gregaria","Otariidae"
"Patagonotothen ramsayi","Otariidae"
"Cephalopoda","Otariidae"
"Merluccius hubbsi","Otariidae"
"Sprattus fuegensis","Otariidae"
"Stromateus brasiliensis","Otariidae"
"Cephalopoda","Lagenorhynchus obscurus"
"Stromateus brasiliensis","Lagenorhynchus obscurus"
"Merluccius hubbsi","Lagenorhynchus obscurus"
